From Node,To Node,Road Name,Baseline Flow,Capacity,V/C Ratio
villa - 1,villa - 6,Osmena St,0.0,2200,0.0
villa - 1,villa - 4,Yulo Dr,0.0,2200,0.0
villa - 1,villa - 2,Jocson St,0.0,2200,0.0
villa - 2,villa - 1,Jocson St (Rev),0.0,2200,0.0
villa - 2,villa - 3,Circumferential Rd 1,629.7,2200,0.286
villa - 2,mandurriao - 8,Iloilo Circumferential Rd 1,634.2,2200,0.288
villa - 3,villa - 4,Quezon St,0.0,2200,0.0
villa - 3,villa - 2,Circumferential Rd 1 (Rev),629.7,2200,0.286
villa - 3,Molo - 3,Molo - Arevalo Connect (Rev),2162.3,2200,0.983
villa - 4,villa - 1,Yulo Dr (Rev),0.0,2200,0.0
villa - 4,villa - 3,Quezon St (Rev),0.0,2200,0.0
villa - 5,Molo - 6,Molo Blvd (Rev),0.0,2200,0.0
villa - 6,villa - 1,Osmena St (Rev),0.0,2200,0.0
villa - 6,villa - 7,Pakiad Rd (Rev),0.0,1100,0.0
villa - 7,villa - 6,Pakiad Rd,0.0,1100,0.0
Molo - 3,villa - 3,Molo - Arevalo Connect,2162.3,2200,0.983
Molo - 3,Molo - 4,Locsin St,0.0,2200,0.0
Molo - 3,mandurriao - 6,New Carpenter Bridge,531.3,1100,0.483
Molo - 4,Molo - 3,Locsin St (Rev),0.0,2200,0.0
Molo - 4,Molo - 5,Locsin St,0.0,2200,0.0
Molo - 4,Molo - 9,M.H Del Pilar,0.0,2200,0.0
Molo - 5,Molo - 4,Locsin St (Rev),0.0,2200,0.0
Molo - 5,Molo - 6,Locsin St,0.0,2200,0.0
Molo - 5,Proper - 2,Timawa St,0.0,2200,0.0
Molo - 6,Molo - 5,Locsin St (Rev),0.0,2200,0.0
Molo - 6,villa - 5,Molo Blvd,0.0,2200,0.0
Molo - 6,Proper - 4,Molo Blvd 2,0.0,2200,0.0
Molo - 7,Molo - 8,Rotunda,0.0,2200,0.0
Molo - 8,Molo - 3,San Marcos St,0.0,4400,0.0
Molo - 8,Molo - 9,M.H Del Pilar,0.0,1100,0.0
Molo - 9,Molo - 4,M.H Del Pilar (Rev),0.0,2200,0.0
Molo - 9,Molo - 10,M.H Del Pilar,0.0,4400,0.0
Molo - 10,Proper - 1,Molo - Proper Connect,0.0,2200,0.0
Molo - 10,Molo - 7,M.H Del Pilar,0.0,1100,0.0
Proper - 1,Molo - 7,Gen Luna - Molo Connect,0.0,4400,0.0
Proper - 1,Proper - 2,Infante St 1,826.19,2200,0.376
Proper - 1,Proper - 7,Gen Luna St 1,1680.47,2200,0.764
Proper - 1,mandurriao - 1,Old Iloilo - Capiz Rd (Rev),2375.46,2200,1.08
Proper - 2,Molo - 5,Timawa St (Rev),0.0,2200,0.0
Proper - 2,Proper - 1,Infante St 1 (Rev),877.38,2200,0.399
Proper - 2,Proper - 3,Infante St 2,1386.14,2200,0.63
Proper - 2,Proper - 10,Delgado St,397.95,2200,0.181
Proper - 3,Proper - 2,Infante St 2 (Rev),2138.16,2200,0.972
Proper - 3,Proper - 4,Infante St 3,1386.14,2200,0.63
Proper - 4,Molo - 6,Molo Blvd 2 (Rev),0.0,2200,0.0
Proper - 4,Proper - 5,Baluarte - Oton Blvd,1386.14,2200,0.63
Proper - 5,Proper - 3,Rizal St 1,2138.16,2200,0.972
Proper - 5,Proper - 6,Rizal St 2,1386.14,2200,0.63
Proper - 6,Proper - 5,Rizal St 2 (Rev),2138.16,2200,0.972
Proper - 6,Proper - 14,Rizal St 3,0.0,2200,0.0
Proper - 6,Proper - 11,Ledesma St,0.0,2200,0.0
Proper - 7,Proper - 1,Gen Luna St 1 (Rev),1180.26,2200,0.536
Proper - 7,Proper - 8,Gen Luna St 2,2834.34,2200,1.288
Proper - 7,lapaz - 10,Bonifacio Drive,415.58,2200,0.189
Proper - 8,Proper - 7,Gen Luna St 2 (Rev),2877.36,2200,1.308
Proper - 8,Proper - 9,Gen Luna St 3,2882.59,13200,0.218
Proper - 8,Proper - 10,Ruperto Montinola St 1,95.62,2200,0.043
Proper - 9,Proper - 8,Gen Luna St 3 (Rev),2927.67,13200,0.222
Proper - 9,Proper - 12,Muelle Loney St 1,1671.05,2200,0.76
Proper - 9,lapuz - 2,Quirino - Lopez Bridge,3378.68,2200,1.536
Proper - 10,Proper - 8,Ruperto Montinola St 1 (Rev),93.56,2200,0.043
Proper - 10,Proper - 11,Ruperto Montinola St 2,493.58,2200,0.224
Proper - 10,Proper - 2,Delgado St (Rev),133.47,2200,0.061
Proper - 11,Proper - 6,Ledesma St (Rev),0.0,2200,0.0
Proper - 11,Proper - 10,Ruperto Montinola St 2 (Rev),227.03,2200,0.103
Proper - 11,Proper - 12,Arroyo St (Rev),1751.1,1100,1.592
Proper - 11,Proper - 13,JM Basa St 1,1873.05,2200,0.851
Proper - 12,Proper - 11,Arroyo St,1838.72,1100,1.672
Proper - 12,Proper - 9,Muelle Loney St 1 (Rev),1568.35,2200,0.713
Proper - 12,Proper - 18,Muelle Loney St 2,3422.15,2200,1.556
Proper - 13,Proper - 11,JM Basa St 1 (Rev),1888.13,2200,0.858
Proper - 13,Proper - 14,JM Basa St 2,140.51,2200,0.064
Proper - 13,Proper - 17,Dela Rama St 1,1732.55,1100,1.575
Proper - 14,Proper - 6,Rizal St 3 (Rev),0.0,2200,0.0
Proper - 14,Proper - 13,JM Basa St 2 (Rev),140.51,2200,0.064
Proper - 14,Proper - 15,General Hughes St 1,140.51,2200,0.064
Proper - 15,Proper - 14,General Hughes St 1 (Rev),140.51,2200,0.064
Proper - 15,Proper - 16,Duran St,0.0,1100,0.0
Proper - 15,Proper - 22,General Hughes St 2,140.51,2200,0.064
Proper - 16,Proper - 15,Duran St (Rev),0.0,1100,0.0
Proper - 17,Proper - 13,Dela Rama St 1 (Rev),1747.62,1100,1.589
Proper - 17,Proper - 20,Dela Rama St 2,0.0,1100,0.0
Proper - 17,Proper - 18,Blumentritt 1,1410.77,1100,1.283
Proper - 17,Proper - 19,Blumentritt 2,321.77,1100,0.293
Proper - 18,Proper - 17,Blumentritt 1 (Rev),1379.15,1100,1.254
Proper - 18,Proper - 12,Muelle Loney St 2 (Rev),3407.07,2200,1.549
Proper - 18,Proper - 19,Muelle Loney St 3,0.0,2200,0.0
Proper - 19,Proper - 17,Blumentritt 2 (Rev),368.47,1100,0.335
Proper - 19,Proper - 18,Muelle Loney St 3 (Rev),0.0,2200,0.0
Proper - 19,Proper - 21,Muelle Loney St 4,0.0,2200,0.0
Proper - 20,Proper - 17,Dela Rama St 2 (Rev),0.0,1100,0.0
Proper - 21,Proper - 19,Muelle Loney St 4 (Rev),0.0,2200,0.0
Proper - 21,Proper - 22,Fort San Pedro Dr,140.51,2200,0.064
Proper - 22,Proper - 15,General Hughes St 2 (Rev),140.51,2200,0.064
Proper - 22,Proper - 21,Fort San Pedro Dr (Rev),140.51,2200,0.064
mandurriao - 1,Proper - 1,Old Iloilo - Capiz Rd,2388.12,2200,1.086
mandurriao - 1,mandurriao - 2,Mandurriao - Jaro Rd,1029.7,2200,0.468
mandurriao - 1,jaro - 17,Old Iloilo-Capiz Rd - Old Lopez Jaena St (Rev),0.0,4400,0.0
mandurriao - 1,jaro - 7,El 98 St (Rev),879.14,2200,0.4
mandurriao - 2,mandurriao - 1,Mandurriao - Jaro Rd (Rev),1029.7,2200,0.468
mandurriao - 2,mandurriao - 3,Mandurriao - Jaro Rd - Mandurriao - Sn Miguel Rd,664.6,2200,0.302
mandurriao - 3,mandurriao - 12,Mandurriao - Sn Miguel Rd,1659.4,2200,0.754
mandurriao - 3,mandurriao - 4,Mandurriao - Sn Miguel Rd - R Mapa St,664.6,4400,0.151
mandurriao - 4,mandurriao - 5,Pakiad Rd,0.0,2200,0.0
mandurriao - 4,mandurriao - 2,R Mapa St - Mandurriao - Jaro Rd,664.6,2200,0.302
mandurriao - 4,mandurriao - 6,R Mapa St,475.5,2200,0.216
mandurriao - 5,mandurriao - 4,Pakiad Rd (Rev),0.0,2200,0.0
mandurriao - 6,Molo - 3,New Carpenter Bridge (Rev),531.3,1100,0.483
mandurriao - 6,mandurriao - 4,R Mapa St (Rev),475.5,2200,0.216
mandurriao - 6,mandurriao - 7,R Mapa St - Extension,55.8,1100,0.051
mandurriao - 7,mandurriao - 6,R Mapa St - Extension (Rev),55.8,1100,0.051
mandurriao - 8,villa - 2,Iloilo Circumferential Rd 1 (Rev),634.2,2200,0.288
mandurriao - 9,mandurriao - 12,Mandurriao-Sn Miguel Rd - Iloilo Circumferential Rd 1,0.0,2200,0.0
mandurriao - 10,mandurriao - 12,Iloilo Circumferential Rd 1 - Mandurriao-Sn Miguel Rd (1),0.0,2200,0.0
mandurriao - 11,mandurriao - 12,Iloilo Circumferential Rd 1 - Mandurriao-Sn Miguel Rd (2),0.0,2200,0.0
mandurriao - 12,mandurriao - 3,Mandurriao - Sn Miguel Rd (Rev),1659.4,2200,0.754
mandurriao - 12,mandurriao - 9,Mandurriao-Sn Miguel Rd - Iloilo Circumferential Rd 1 (Rev),0.0,2200,0.0
mandurriao - 12,mandurriao - 10,Iloilo Circumferential Rd 1 - Mandurriao-Sn Miguel Rd (1) (Rev),0.0,2200,0.0
mandurriao - 12,mandurriao - 11,Iloilo Circumferential Rd 1 - Mandurriao-Sn Miguel Rd (2) (Rev),0.0,2200,0.0
jaro - 1,jaro - 4,E Lopez St,302.96,2200,0.138
jaro - 1,lapaz - 3,Luna St (Rev),255.14,2200,0.116
jaro - 2,jaro - 5,Commission Civil St,552.84,1100,0.503
jaro - 2,lapaz - 7,Burgos St (Rev),661.27,1100,0.601
jaro - 3,jaro - 25,Jereos St,0.0,1100,0.0
jaro - 3,lapaz - 6,Jereos St (Rev),0.0,1100,0.0
jaro - 4,jaro - 1,E Lopez St (Rev),255.14,2200,0.116
jaro - 4,jaro - 5,E Lopez St - Plaza Rizal St - Commission Civil St,1273.76,4400,0.289
jaro - 5,jaro - 2,Commission Civil St (Rev),661.27,1100,0.601
jaro - 5,jaro - 6,Commission Civil St - Plaza Rizal St - Iloilo-Capiz Rd,1165.33,4400,0.265
jaro - 6,jaro - 9,Plaza Rizal St - Balabago Rd,1266.23,1100,1.151
jaro - 6,jaro - 7,Iloilo-Capiz Rd - Plaza Rizal St - El 98 St,890.04,5500,0.162
jaro - 7,jaro - 4,El 98 St - Plaza Rizal St - E Lopez St,1225.94,4400,0.279
jaro - 7,mandurriao - 1,El 98 St,891.8,2200,0.405
jaro - 8,jaro - 6,Lopez Jaena St - Plaza Rizal St,878.9,3300,0.266
jaro - 8,jaro - 18,Lopez Jaena St - Old Lopez Jaena St,0.0,1100,0.0
jaro - 9,jaro - 14,Iloilo Capiz Rd - Balabago Rd (Rev),1434.31,2200,0.652
jaro - 9,jaro - 10,Balabago Rd,1357.82,2200,0.617
jaro - 9,jaro - 8,Iloilo-Capiz Rd - Lopez Jaena St,1339.5,2200,0.609
jaro - 10,jaro - 12,Buhang Flyover - Balabago Rd (Rev),0.0,2200,0.0
jaro - 10,jaro - 11,Iloilo-Capiz Rd - Iloilo Circumferential Rd 1 - Monfort Blvd,1357.82,1100,1.234
jaro - 10,jaro - 9,Balabago Rd (Rev),1406.13,2200,0.639
jaro - 11,jaro - 20,Monfort Blvd - Leganes,1152.8,2200,0.524
jaro - 11,jaro - 19,Lapaz - Monfort Blvd (Rev),1267.67,2200,0.576
jaro - 11,jaro - 10,Iloilo-Capiz Rd - Iloilo Circumferential Rd 1 - Monfort Blvd (Rev),1406.13,1100,1.278
jaro - 12,jaro - 14,Iloilo-Capiz Rd - Buhang Flyover (Rev),1459.27,1100,1.327
jaro - 12,jaro - 10,Buhang Flyover - Balabago Rd,0.0,2200,0.0
jaro - 12,jaro - 13,Buhang Flyover,0.0,1100,0.0
jaro - 13,jaro - 15,Iloilo Radial By-Pass Rd 4 - Buhang Flyover (Rev),0.0,2200,0.0
jaro - 13,jaro - 14,Buhang Flyover - Iloilo-Capiz Rd,0.0,1100,0.0
jaro - 13,jaro - 12,Buhang Flyover (Rev),0.0,1100,0.0
jaro - 14,jaro - 13,Buhang Flyover - Iloilo-Capiz Rd (Rev),0.0,1100,0.0
jaro - 14,jaro - 12,Iloilo-Capiz Rd - Buhang Flyover,1434.31,1100,1.304
jaro - 14,jaro - 21,Iloilo-Capiz Rd - Iloilo Circumferential Rd 1,0.0,2200,0.0
jaro - 14,jaro - 9,Iloilo Capiz Rd - Balabago Rd,1459.27,2200,0.663
jaro - 15,jaro - 22,Iloilo Circumferential - Iloilo Radial By-Pass Rd 4,0.0,2200,0.0
jaro - 15,jaro - 13,Iloilo Radial By-Pass Rd 4 - Buhang Flyover,0.0,2200,0.0
jaro - 15,jaro - 23,Iloilo Radial By-Pass Rd 4,0.0,2200,0.0
jaro - 16,jaro - 17,Old Iloilo-Capiz Rd - Old Lopez Jaena St (Rev),0.0,4400,0.0
jaro - 16,jaro - 24,Old Iloilo-Capiz Rd - Pavia,0.0,4400,0.0
jaro - 17,mandurriao - 1,Old Iloilo-Capiz Rd - Old Lopez Jaena St,0.0,4400,0.0
jaro - 17,jaro - 16,Old Iloilo-Capiz Rd - Old Lopez Jaena St,0.0,4400,0.0
jaro - 17,jaro - 18,Old Lopez Jaena St - Old Iloilo-Capiz Rd (Rev),0.0,2200,0.0
jaro - 18,jaro - 8,Lopez Jaena St - Old Lopez Jaena St (Rev),0.0,1100,0.0
jaro - 18,jaro - 17,Old Lopez Jaena St - Old Iloilo-Capiz Rd,0.0,2200,0.0
jaro - 18,jaro - 16,Old Lopez Jaena St - Old Iloilo-Capiz Rd,0.0,2200,0.0
jaro - 19,jaro - 11,Lapaz - Monfort Blvd,1340.94,2200,0.61
jaro - 19,lapaz - 9,Monfort Blvd (Rev),1442.2,2200,0.656
jaro - 20,jaro - 11,Monfort Blvd - Leganes (Rev),1152.8,2200,0.524
jaro - 21,jaro - 14,Iloilo-Capiz Rd - Iloilo Circumferential Rd 1 (Rev),0.0,2200,0.0
jaro - 22,jaro - 15,Iloilo Circumferential - Iloilo Radial By-Pass Rd 4 (Rev),0.0,2200,0.0
jaro - 23,jaro - 15,Iloilo Radial By-Pass Rd 4 (Rev),0.0,2200,0.0
jaro - 24,jaro - 16,Old Iloilo-Capiz Rd - Pavia (Rev),0.0,4400,0.0
jaro - 25,jaro - 3,Jereos St (Rev),0.0,1100,0.0
lapaz - 1,lapaz - 3,Luna St - Huervana St (Rev),302.96,2200,0.138
lapaz - 1,lapaz - 10,Luna St - Esplanade 5,255.14,2200,0.116
lapaz - 1,lapaz - 2,Huervana St - Rizal St,112.62,4400,0.026
lapaz - 2,lapaz - 3,Rizal St - Luna St,0.0,4400,0.0
lapaz - 2,lapaz - 4,Huervana St - Burgos St,112.62,2200,0.051
lapaz - 2,lapuz - 2,Rizal St - Huervana St,0.0,2200,0.0
lapaz - 3,jaro - 1,Luna St,302.96,2200,0.138
lapaz - 3,lapaz - 1,Luna St - Huervana St,255.14,2200,0.116
lapaz - 4,lapaz - 2,Huervana St - Burgos St (Rev),0.0,2200,0.0
lapaz - 4,lapaz - 5,Huervana St - Jereos St,773.89,4400,0.176
lapaz - 4,lapuz - 1,Divinagracia St,0.0,1100,0.0
lapaz - 5,lapaz - 6,Jereos St - Huervana Ext,552.84,4400,0.126
lapaz - 5,lapaz - 8,Lopez Jaena St,773.89,2200,0.352
lapaz - 6,lapaz - 7,Huervana Ext,552.84,3300,0.168
lapaz - 6,jaro - 3,Jereos St,0.0,1100,0.0
lapaz - 7,lapaz - 4,Burgos St - Huervana St,661.27,4400,0.15
lapaz - 7,jaro - 2,Burgos St,552.84,1100,0.503
lapaz - 8,lapaz - 5,Lopez Jaena St (Rev),552.84,2200,0.251
lapaz - 8,lapaz - 9,Baldoza St,773.89,2200,0.352
lapaz - 9,lapaz - 8,Baldoza St (Rev),552.84,2200,0.251
lapaz - 9,lapuz - 7,Coastal Rd,159.26,2200,0.072
lapaz - 9,jaro - 19,Monfort Blvd,1515.47,2200,0.689
lapaz - 10,Proper - 7,Bonifacio Drive (Rev),255.14,2200,0.116
lapaz - 10,lapaz - 1,Luna St - Esplanade 5 (Rev),415.58,2200,0.189
lapuz - 1,lapaz - 4,Divinagracia St (Rev),0.0,1100,0.0
lapuz - 1,lapuz - 3,Railroad St,0.0,1100,0.0
lapuz - 2,Proper - 9,Quirino - Lopez Bridge (Rev),3526.46,2200,1.603
lapuz - 2,lapaz - 2,Rizal St - Huervana St (Rev),0.0,2200,0.0
lapuz - 2,lapuz - 4,Rizal St - Ferry Terminal Access Rd,3378.68,2200,1.536
lapuz - 3,lapuz - 1,Railroad St (Rev),0.0,1100,0.0
lapuz - 4,lapuz - 2,Rizal St - Ferry Terminal Access Rd (Rev),3526.46,2200,1.603
lapuz - 4,lapuz - 5,New Iloilo Ferry Terminal Access Rd,0.0,3300,0.0
lapuz - 4,lapuz - 6,Rizal St - Iloilo Airport Direct Rd,555.74,2200,0.253
lapuz - 5,lapuz - 4,New Iloilo Ferry Terminal Access Rd (Rev),0.0,3300,0.0
lapuz - 6,lapuz - 4,Rizal St - Iloilo Airport Direct Rd (Rev),572.96,2200,0.26
lapuz - 6,lapuz - 7,Lapuz Mansaya Loboc Rd,0.0,2200,0.0
lapuz - 6,lapuz - 8,Iloilo Airport Direct Rd,555.74,1100,0.505
lapuz - 7,lapaz - 9,Coastal Rd (Rev),142.04,2200,0.065
lapuz - 7,lapuz - 6,Lapuz Mansaya Loboc Rd (Rev),0.0,2200,0.0
lapuz - 8,lapuz - 6,Iloilo Airport Direct Rd (Rev),572.96,1100,0.521
